CREATE DATABASE  IF NOT EXISTS `maria` /*!40100 DEFAULT CHARACTER SET utf8 */;
USE `maria`;
-- MySQL dump 10.13  Distrib 5.7.17, for Win64 (x86_64)
--
-- Host: localhost    Database: maria
-- ------------------------------------------------------
-- Server version	5.5.5-10.1.34-MariaDB

/*!40101 SET @OLD_CHARACTER_SET_CLIENT=@@CHARACTER_SET_CLIENT */;
/*!40101 SET @OLD_CHARACTER_SET_RESULTS=@@CHARACTER_SET_RESULTS */;
/*!40101 SET @OLD_COLLATION_CONNECTION=@@COLLATION_CONNECTION */;
/*!40101 SET NAMES utf8 */;
/*!40103 SET @OLD_TIME_ZONE=@@TIME_ZONE */;
/*!40103 SET TIME_ZONE='+00:00' */;
/*!40014 SET @OLD_UNIQUE_CHECKS=@@UNIQUE_CHECKS, UNIQUE_CHECKS=0 */;
/*!40014 SET @OLD_FOREIGN_KEY_CHECKS=@@FOREIGN_KEY_CHECKS, FOREIGN_KEY_CHECKS=0 */;
/*!40101 SET @OLD_SQL_MODE=@@SQL_MODE, SQL_MODE='NO_AUTO_VALUE_ON_ZERO' */;
/*!40111 SET @OLD_SQL_NOTES=@@SQL_NOTES, SQL_NOTES=0 */;

--
-- Table structure for table `canal`
--

DROP TABLE IF EXISTS `canal`;
/*!40101 SET @saved_cs_client     = @@character_set_client */;
/*!40101 SET character_set_client = utf8 */;
CREATE TABLE `canal` (
  `ID_CANAL` int(11) NOT NULL AUTO_INCREMENT,
  `DESCRICAO` varchar(20) NOT NULL,
  PRIMARY KEY (`ID_CANAL`)
) ENGINE=InnoDB AUTO_INCREMENT=5 DEFAULT CHARSET=utf8;
/*!40101 SET character_set_client = @saved_cs_client */;

--
-- Dumping data for table `canal`
--

LOCK TABLES `canal` WRITE;
/*!40000 ALTER TABLE `canal` DISABLE KEYS */;
INSERT INTO `canal` VALUES (1,'Distribuição'),(2,'Varejo'),(3,'Verticais'),(4,'Exportação');
/*!40000 ALTER TABLE `canal` ENABLE KEYS */;
UNLOCK TABLES;

--
-- Table structure for table `familia_comercial`
--

DROP TABLE IF EXISTS `familia_comercial`;
/*!40101 SET @saved_cs_client     = @@character_set_client */;
/*!40101 SET character_set_client = utf8 */;
CREATE TABLE `familia_comercial` (
  `COD_FAMILIA_COMERCIAL` int(11) NOT NULL,
  `NOME_FAMILIA_COMERCIAL` varchar(150) NOT NULL,
  PRIMARY KEY (`COD_FAMILIA_COMERCIAL`),
  UNIQUE KEY `UN_FAMILIA_COMERCIAL` (`COD_FAMILIA_COMERCIAL`)
) ENGINE=InnoDB DEFAULT CHARSET=utf8;
/*!40101 SET character_set_client = @saved_cs_client */;

--
-- Dumping data for table `familia_comercial`
--

LOCK TABLES `familia_comercial` WRITE;
/*!40000 ALTER TABLE `familia_comercial` DISABLE KEYS */;
INSERT INTO `familia_comercial` VALUES (14411063,'Familia B'),(14414013,'Familia A'),(14432035,'Familia D'),(14433025,'Familia C'),(14442568,'Familia E');
/*!40000 ALTER TABLE `familia_comercial` ENABLE KEYS */;
UNLOCK TABLES;

--
-- Table structure for table `historico`
--

DROP TABLE IF EXISTS `historico`;
/*!40101 SET @saved_cs_client     = @@character_set_client */;
/*!40101 SET character_set_client = utf8 */;
CREATE TABLE `historico` (
  `MES_ANO` date NOT NULL,
  `PRODUTO_SKU` int(11) NOT NULL,
  `ID_CANAL` int(11) NOT NULL,
  `QUANTIDADE` decimal(10,0) NOT NULL,
  PRIMARY KEY (`MES_ANO`,`PRODUTO_SKU`,`ID_CANAL`),
  KEY `FK_PRODUTO_SKU_HISTORICO` (`PRODUTO_SKU`),
  KEY `FK_CANAL_HISTORICO` (`ID_CANAL`),
  CONSTRAINT `FK_CANAL_HISTORICO` FOREIGN KEY (`ID_CANAL`) REFERENCES `canal` (`ID_CANAL`),
  CONSTRAINT `FK_PRODUTO_SKU_HISTORICO` FOREIGN KEY (`PRODUTO_SKU`) REFERENCES `produto` (`SKU`)
) ENGINE=InnoDB DEFAULT CHARSET=utf8;
/*!40101 SET character_set_client = @saved_cs_client */;

--
-- Dumping data for table `historico`
--

LOCK TABLES `historico` WRITE;
/*!40000 ALTER TABLE `historico` DISABLE KEYS */;
INSERT INTO `historico` VALUES ('2003-01-01',4000400,4,2832.000),('2003-01-01',4000402,1,942.000),('2003-01-01',4000404,3,3065.000),('2003-01-01',4000406,3,2315.000),('2003-01-01',4000408,3,3958.000),('2003-01-01',4000440,2,2075.000),('2003-01-01',4000442,2,2446.000),('2003-01-01',4000538,3,1794.000),('2003-01-01',4000540,1,3967.000),('2003-02-01',4000400,1,2670.000),('2003-02-01',4000402,2,2349.000),('2003-02-01',4000404,1,3992.000),('2003-02-01',4000406,4,1483.000),('2003-02-01',4000408,1,4835.000),('2003-02-01',4000440,3,2492.000),('2003-02-01',4000442,2,2143.000),('2003-02-01',4000538,3,1859.000),('2003-02-01',4000540,2,1425.000),('2003-03-01',4000400,4,2928.000),('2003-03-01',4000402,1,3529.000),('2003-03-01',4000404,4,2526.000),('2003-03-01',4000406,2,3853.000),('2003-03-01',4000408,1,2991.000),('2003-03-01',4000440,1,1456.000),('2003-03-01',4000442,4,2408.000),('2003-03-01',4000538,1,917.000),('2003-03-01',4000540,3,2277.000),('2003-04-01',4000400,2,925.000),('2003-04-01',4000402,1,912.000),('2003-04-01',4000404,1,3847.000),('2003-04-01',4000406,2,3825.000),('2003-04-01',4000408,1,1635.000),('2003-04-01',4000440,1,1139.000),('2003-04-01',4000442,2,4704.000),('2003-04-01',4000538,4,2505.000),('2003-04-01',4000540,2,1887.000),('2003-05-01',4000400,1,1718.000),('2003-05-01',4000402,4,4820.000),('2003-05-01',4000404,4,2317.000),('2003-05-01',4000406,2,2289.000),('2003-05-01',4000408,3,1344.000),('2003-05-01',4000440,4,3979.000),('2003-05-01',4000442,3,4741.000),('2003-05-01',4000538,4,2498.000),('2003-05-01',4000540,1,4752.000),('2003-06-01',4000400,4,2208.000),('2003-06-01',4000402,2,3995.000),('2003-06-01',4000404,1,1350.000),('2003-06-01',4000406,3,981.000),('2003-06-01',4000408,3,5000.000),('2003-06-01',4000440,3,2071.000),('2003-06-01',4000442,2,4800.000),('2003-06-01',4000538,1,2978.000),('2003-06-01',4000540,4,4896.000),('2003-07-01',4000400,4,1278.000),('2003-07-01',4000402,2,4051.000),('2003-07-01',4000404,4,4064.000),('2003-07-01',4000406,1,1989.000),('2003-07-01',4000408,2,3373.000),('2003-07-01',4000440,3,4600.000),('2003-07-01',4000442,2,1620.000),('2003-07-01',4000538,4,2977.000),('2003-07-01',4000540,3,3642.000),('2003-08-01',4000400,1,931.000),('2003-08-01',4000402,1,4471.000),('2003-08-01',4000404,3,4762.000),('2003-08-01',4000406,1,1864.000),('2003-08-01',4000408,2,2345.000),('2003-08-01',4000440,3,1850.000),('2003-08-01',4000442,2,1264.000),('2003-08-01',4000538,3,1739.000),('2003-08-01',4000540,4,1423.000),('2003-09-01',4000400,3,1307.000),('2003-09-01',4000402,1,2726.000),('2003-09-01',4000404,2,1236.000),('2003-09-01',4000406,1,4208.000),('2003-09-01',4000408,3,2171.000),('2003-09-01',4000440,3,3960.000),('2003-09-01',4000442,4,2852.000),('2003-09-01',4000538,1,1785.000),('2003-09-01',4000540,1,4355.000),('2003-10-01',4000400,2,2796.000),('2003-10-01',4000402,2,1943.000),('2003-10-01',4000404,4,4765.000),('2003-10-01',4000406,3,3627.000),('2003-10-01',4000408,1,2223.000),('2003-10-01',4000440,4,4010.000),('2003-10-01',4000442,4,1433.000),('2003-10-01',4000538,2,2371.000),('2003-10-01',4000540,1,2681.000),('2003-11-01',4000400,1,1902.000),('2003-11-01',4000402,1,3754.000),('2003-11-01',4000404,3,4307.000),('2003-11-01',4000406,3,2228.000),('2003-11-01',4000408,4,2140.000),('2003-11-01',4000440,2,4940.000),('2003-11-01',4000442,1,1217.000),('2003-11-01',4000538,3,2720.000),('2003-11-01',4000540,2,2765.000),('2003-12-01',4000400,3,3494.000),('2003-12-01',4000402,1,3024.000),('2003-12-01',4000404,3,1586.000),('2003-12-01',4000406,3,2767.000),('2003-12-01',4000408,2,3690.000),('2003-12-01',4000440,4,1052.000),('2003-12-01',4000442,4,2747.000),('2003-12-01',4000538,1,1487.000),('2003-12-01',4000540,1,2022.000),('2004-01-01',4000400,3,2380.000),('2004-01-01',4000402,1,2681.000),('2004-01-01',4000404,4,4657.000),('2004-01-01',4000406,2,3096.000),('2004-01-01',4000408,1,4216.000),('2004-01-01',4000440,2,2729.000),('2004-01-01',4000442,2,3800.000),('2004-01-01',4000538,3,1182.000),('2004-01-01',4000540,3,4133.000),('2004-02-01',4000400,4,3741.000),('2004-02-01',4000402,2,4754.000),('2004-02-01',4000404,3,3716.000),('2004-02-01',4000406,4,2889.000),('2004-02-01',4000408,4,2293.000),('2004-02-01',4000440,2,4263.000),('2004-02-01',4000442,1,900.000),('2004-02-01',4000538,2,2010.000),('2004-02-01',4000540,2,951.000),('2004-03-01',4000400,3,1078.000),('2004-03-01',4000402,2,4028.000),('2004-03-01',4000404,4,4457.000),('2004-03-01',4000406,4,4571.000),('2004-03-01',4000408,4,2487.000),('2004-03-01',4000440,2,2404.000),('2004-03-01',4000442,3,4286.000),('2004-03-01',4000538,4,2339.000),('2004-03-01',4000540,1,3139.000),('2004-04-01',4000400,4,1480.000),('2004-04-01',4000402,4,3600.000),('2004-04-01',4000404,4,3921.000),('2004-04-01',4000406,2,1772.000),('2004-04-01',4000408,2,2296.000),('2004-04-01',4000440,1,2355.000),('2004-04-01',4000442,3,4584.000),('2004-04-01',4000538,3,3634.000),('2004-04-01',4000540,3,2860.000),('2004-05-01',4000400,4,1370.000),('2004-05-01',4000402,3,4091.000),('2004-05-01',4000404,3,4870.000),('2004-05-01',4000406,2,1028.000),('2004-05-01',4000408,3,2592.000),('2004-05-01',4000440,3,1113.000),('2004-05-01',4000442,1,1991.000),('2004-05-01',4000538,4,3023.000),('2004-05-01',4000540,1,1471.000),('2004-06-01',4000400,3,1105.000),('2004-06-01',4000402,1,4328.000),('2004-06-01',4000404,4,4231.000),('2004-06-01',4000406,1,1671.000),('2004-06-01',4000408,4,929.000),('2004-06-01',4000440,1,2610.000),('2004-06-01',4000442,1,4712.000),('2004-06-01',4000538,2,4118.000),('2004-06-01',4000540,4,2439.000),('2004-07-01',4000400,3,3682.000),('2004-07-01',4000402,4,1302.000),('2004-07-01',4000404,1,2710.000),('2004-07-01',4000406,3,4396.000),('2004-07-01',4000408,3,4661.000),('2004-07-01',4000440,3,3199.000),('2004-07-01',4000442,1,3203.000),('2004-07-01',4000538,2,1806.000),('2004-07-01',4000540,1,1014.000),('2004-08-01',4000400,1,4157.000),('2004-08-01',4000402,2,3511.000),('2004-08-01',4000404,1,1447.000),('2004-08-01',4000406,1,1723.000),('2004-08-01',4000408,3,4872.000),('2004-08-01',4000440,3,3038.000),('2004-08-01',4000442,4,3222.000),('2004-08-01',4000538,3,3889.000),('2004-08-01',4000540,3,2926.000),('2004-09-01',4000400,4,3444.000),('2004-09-01',4000402,2,1305.000),('2004-09-01',4000404,2,4414.000),('2004-09-01',4000406,2,2896.000),('2004-09-01',4000408,2,3500.000),('2004-09-01',4000440,2,2247.000),('2004-09-01',4000442,3,3992.000),('2004-09-01',4000538,2,4021.000),('2004-09-01',4000540,3,3330.000),('2004-10-01',4000400,2,3934.000),('2004-10-01',4000402,3,3416.000),('2004-10-01',4000404,2,4121.000),('2004-10-01',4000406,2,3239.000),('2004-10-01',4000408,3,3662.000),('2004-10-01',4000440,1,2992.000),('2004-10-01',4000442,4,3596.000),('2004-10-01',4000538,4,1068.000),('2004-10-01',4000540,2,2309.000),('2004-11-01',4000400,4,3581.000),('2004-11-01',4000402,1,1330.000),('2004-11-01',4000404,2,1725.000),('2004-11-01',4000406,1,2074.000),('2004-11-01',4000408,4,2545.000),('2004-11-01',4000440,4,984.000),('2004-11-01',4000442,3,3230.000),('2004-11-01',4000538,3,2133.000),('2004-11-01',4000540,2,3897.000),('2004-12-01',4000400,2,4498.000),('2004-12-01',4000402,2,3691.000),('2004-12-01',4000404,2,1201.000),('2004-12-01',4000406,3,3190.000),('2004-12-01',4000408,3,3741.000),('2004-12-01',4000440,2,4391.000),('2004-12-01',4000442,3,1966.000),('2004-12-01',4000538,3,2671.000),('2004-12-01',4000540,3,4681.000),('2005-01-01',4000400,1,2445.000),('2005-01-01',4000402,1,3476.000),('2005-01-01',4000404,4,2234.000),('2005-01-01',4000406,2,1223.000),('2005-01-01',4000408,2,2330.000),('2005-01-01',4000440,2,3887.000),('2005-01-01',4000442,3,2060.000),('2005-01-01',4000538,1,1242.000),('2005-01-01',4000540,4,4343.000),('2005-02-01',4000400,1,4394.000),('2005-02-01',4000402,3,2610.000),('2005-02-01',4000404,2,1011.000),('2005-02-01',4000406,3,1250.000),('2005-02-01',4000408,1,1667.000),('2005-02-01',4000440,4,3650.000),('2005-02-01',4000442,3,2667.000),('2005-02-01',4000538,3,4314.000),('2005-02-01',4000540,3,3851.000),('2005-03-01',4000400,1,2299.000),('2005-03-01',4000402,2,3953.000),('2005-03-01',4000404,1,1723.000),('2005-03-01',4000406,4,1336.000),('2005-03-01',4000408,1,2473.000),('2005-03-01',4000440,4,4276.000),('2005-03-01',4000442,3,4514.000),('2005-03-01',4000538,4,4460.000),('2005-03-01',4000540,1,955.000),('2005-04-01',4000400,3,1583.000),('2005-04-01',4000402,3,2640.000),('2005-04-01',4000404,4,3256.000),('2005-04-01',4000406,4,1834.000),('2005-04-01',4000408,2,1571.000),('2005-04-01',4000440,1,2547.000),('2005-04-01',4000442,4,2988.000),('2005-04-01',4000538,4,2744.000),('2005-04-01',4000540,1,1032.000),('2005-05-01',4000400,1,4266.000),('2005-05-01',4000402,2,1834.000),('2005-05-01',4000404,3,1707.000),('2005-05-01',4000406,1,1988.000),('2005-05-01',4000408,1,2830.000),('2005-05-01',4000440,4,2924.000),('2005-05-01',4000442,2,4860.000),('2005-05-01',4000538,3,1959.000),('2005-05-01',4000540,4,1758.000),('2005-06-01',4000400,1,2448.000),('2005-06-01',4000402,3,1423.000),('2005-06-01',4000404,4,3579.000),('2005-06-01',4000406,2,2026.000),('2005-06-01',4000408,3,2734.000),('2005-06-01',4000440,3,4605.000),('2005-06-01',4000442,3,4792.000),('2005-06-01',4000538,1,4940.000),('2005-06-01',4000540,2,2463.000),('2005-07-01',4000400,3,931.000),('2005-07-01',4000402,4,2365.000),('2005-07-01',4000404,1,1763.000),('2005-07-01',4000406,4,2505.000),('2005-07-01',4000408,3,4955.000),('2005-07-01',4000440,3,3128.000),('2005-07-01',4000442,4,1336.000),('2005-07-01',4000538,1,4486.000),('2005-07-01',4000540,1,1500.000),('2005-08-01',4000400,4,3705.000),('2005-08-01',4000402,2,4585.000),('2005-08-01',4000404,3,2818.000),('2005-08-01',4000406,1,3082.000),('2005-08-01',4000408,1,3537.000),('2005-08-01',4000440,1,2974.000),('2005-08-01',4000442,2,1456.000),('2005-08-01',4000538,2,2867.000),('2005-08-01',4000540,1,4551.000),('2005-09-01',4000400,2,3560.000),('2005-09-01',4000402,4,4220.000),('2005-09-01',4000404,3,4384.000),('2005-09-01',4000406,1,1685.000),('2005-09-01',4000408,4,4556.000),('2005-09-01',4000440,3,2123.000),('2005-09-01',4000442,4,4366.000),('2005-09-01',4000538,4,1857.000),('2005-09-01',4000540,1,2601.000),('2005-10-01',4000400,3,4186.000),('2005-10-01',4000402,4,3069.000),('2005-10-01',4000404,2,3582.000),('2005-10-01',4000406,1,2398.000),('2005-10-01',4000408,3,1216.000),('2005-10-01',4000440,2,3203.000),('2005-10-01',4000442,3,1642.000),('2005-10-01',4000538,2,3246.000),('2005-10-01',4000540,1,1176.000),('2005-11-01',4000400,3,1184.000),('2005-11-01',4000402,4,1323.000),('2005-11-01',4000404,3,4399.000),('2005-11-01',4000406,1,1277.000),('2005-11-01',4000408,2,2100.000),('2005-11-01',4000440,3,918.000),('2005-11-01',4000442,3,2165.000),('2005-11-01',4000538,3,4437.000),('2005-11-01',4000540,3,3382.000),('2005-12-01',4000400,2,2455.000),('2005-12-01',4000402,4,3931.000),('2005-12-01',4000404,3,4621.000),('2005-12-01',4000406,3,1826.000),('2005-12-01',4000408,4,2009.000),('2005-12-01',4000440,3,4463.000),('2005-12-01',4000442,3,4408.000),('2005-12-01',4000538,1,4859.000),('2005-12-01',4000540,3,3948.000),('2006-01-01',4000400,2,3022.000),('2006-01-01',4000402,1,2410.000),('2006-01-01',4000404,1,2610.000),('2006-01-01',4000406,3,4438.000),('2006-01-01',4000408,4,2103.000),('2006-01-01',4000440,1,1260.000),('2006-01-01',4000442,2,2787.000),('2006-01-01',4000538,4,4456.000),('2006-01-01',4000540,3,1731.000),('2006-02-01',4000400,3,4271.000),('2006-02-01',4000402,4,4382.000),('2006-02-01',4000404,2,1912.000),('2006-02-01',4000406,4,2651.000),('2006-02-01',4000408,1,4666.000),('2006-02-01',4000440,2,4302.000),('2006-02-01',4000442,1,1127.000),('2006-02-01',4000538,2,3495.000),('2006-02-01',4000540,4,2656.000),('2006-03-01',4000400,2,3800.000),('2006-03-01',4000402,1,4883.000),('2006-03-01',4000404,2,2402.000),('2006-03-01',4000406,2,5000.000),('2006-03-01',4000408,2,3726.000),('2006-03-01',4000440,2,4613.000),('2006-03-01',4000442,4,4072.000),('2006-03-01',4000538,2,1408.000),('2006-03-01',4000540,1,1040.000),('2006-04-01',4000400,4,1653.000),('2006-04-01',4000402,2,1218.000),('2006-04-01',4000404,2,2813.000),('2006-04-01',4000406,2,1634.000),('2006-04-01',4000408,4,1835.000),('2006-04-01',4000440,1,3576.000),('2006-04-01',4000442,1,4569.000),('2006-04-01',4000538,2,3124.000),('2006-04-01',4000540,4,3677.000),('2006-05-01',4000400,2,2366.000),('2006-05-01',4000402,1,4569.000),('2006-05-01',4000404,2,4464.000),('2006-05-01',4000406,2,4098.000),('2006-05-01',4000408,4,3256.000),('2006-05-01',4000440,2,2751.000),('2006-05-01',4000442,1,4331.000),('2006-05-01',4000538,2,1699.000),('2006-05-01',4000540,1,1428.000),('2006-06-01',4000400,1,1895.000),('2006-06-01',4000402,4,2776.000),('2006-06-01',4000404,1,2956.000),('2006-06-01',4000406,4,3422.000),('2006-06-01',4000408,4,1262.000),('2006-06-01',4000440,2,3666.000),('2006-06-01',4000442,3,4362.000),('2006-06-01',4000538,1,1920.000),('2006-06-01',4000540,1,3556.000),('2006-07-01',4000400,4,2133.000),('2006-07-01',4000402,4,1898.000),('2006-07-01',4000404,2,4658.000),('2006-07-01',4000406,1,2943.000),('2006-07-01',4000408,4,3283.000),('2006-07-01',4000440,1,2317.000),('2006-07-01',4000442,1,3610.000),('2006-07-01',4000538,1,930.000),('2006-07-01',4000540,1,3319.000),('2006-08-01',4000400,3,3551.000),('2006-08-01',4000402,2,4282.000),('2006-08-01',4000404,3,4641.000),('2006-08-01',4000406,4,3287.000),('2006-08-01',4000408,4,4521.000),('2006-08-01',4000440,3,1105.000),('2006-08-01',4000442,4,4631.000),('2006-08-01',4000538,3,1602.000),('2006-08-01',4000540,4,3887.000),('2006-09-01',4000400,2,4643.000),('2006-09-01',4000402,4,3512.000),('2006-09-01',4000404,1,3839.000),('2006-09-01',4000406,2,1630.000),('2006-09-01',4000408,1,4709.000),('2006-09-01',4000440,3,1775.000),('2006-09-01',4000442,4,3734.000),('2006-09-01',4000538,3,4390.000),('2006-09-01',4000540,1,4261.000),('2006-10-01',4000400,1,4996.000),('2006-10-01',4000402,3,4619.000),('2006-10-01',4000404,3,1686.000),('2006-10-01',4000406,4,1435.000),('2006-10-01',4000408,2,1396.000),('2006-10-01',4000440,3,1822.000),('2006-10-01',4000442,3,2292.000),('2006-10-01',4000538,2,1450.000),('2006-10-01',4000540,2,2772.000),('2006-11-01',4000400,1,1416.000),('2006-11-01',4000402,4,3363.000),('2006-11-01',4000404,4,3817.000),('2006-11-01',4000406,3,4760.000),('2006-11-01',4000408,4,4406.000),('2006-11-01',4000440,4,2119.000),('2006-11-01',4000442,3,2898.000),('2006-11-01',4000538,1,4294.000),('2006-11-01',4000540,4,1946.000),('2006-12-01',4000400,2,1329.000),('2006-12-01',4000402,2,2874.000),('2006-12-01',4000404,2,3842.000),('2006-12-01',4000406,3,1552.000),('2006-12-01',4000408,4,1977.000),('2006-12-01',4000440,3,5000.000),('2006-12-01',4000442,1,4413.000),('2006-12-01',4000538,1,1774.000),('2006-12-01',4000540,1,1763.000),('2007-01-01',4000400,1,3516.000),('2007-01-01',4000402,4,3074.000),('2007-01-01',4000404,3,1532.000),('2007-01-01',4000406,3,4528.000),('2007-01-01',4000408,4,2087.000),('2007-01-01',4000440,3,954.000),('2007-01-01',4000442,2,3350.000),('2007-01-01',4000538,1,1422.000),('2007-01-01',4000540,3,3485.000),('2007-02-01',4000400,2,1774.000),('2007-02-01',4000402,1,3418.000),('2007-02-01',4000404,1,4373.000),('2007-02-01',4000406,3,4628.000),('2007-02-01',4000408,3,2918.000),('2007-02-01',4000440,3,1947.000),('2007-02-01',4000442,3,2167.000),('2007-02-01',4000538,4,1428.000),('2007-02-01',4000540,4,3699.000),('2007-03-01',4000400,4,3752.000),('2007-03-01',4000402,1,4465.000),('2007-03-01',4000404,1,4706.000),('2007-03-01',4000406,4,4309.000),('2007-03-01',4000408,1,3090.000),('2007-03-01',4000440,4,1378.000),('2007-03-01',4000442,1,3853.000),('2007-03-01',4000538,3,1985.000),('2007-03-01',4000540,3,2061.000),('2007-04-01',4000400,3,1276.000),('2007-04-01',4000402,2,2027.000),('2007-04-01',4000404,3,1459.000),('2007-04-01',4000406,1,4919.000),('2007-04-01',4000408,4,2970.000),('2007-04-01',4000440,2,3998.000),('2007-04-01',4000442,4,1109.000),('2007-04-01',4000538,1,2161.000),('2007-04-01',4000540,3,1875.000),('2007-05-01',4000400,1,1599.000),('2007-05-01',4000402,2,2761.000),('2007-05-01',4000404,3,1148.000),('2007-05-01',4000406,1,4586.000),('2007-05-01',4000408,3,4551.000),('2007-05-01',4000440,3,3929.000),('2007-05-01',4000442,1,1085.000),('2007-05-01',4000538,1,3017.000),('2007-05-01',4000540,4,1207.000),('2007-06-01',4000400,3,4089.000),('2007-06-01',4000402,2,1013.000),('2007-06-01',4000404,2,1778.000),('2007-06-01',4000406,2,4508.000),('2007-06-01',4000408,3,2826.000),('2007-06-01',4000440,3,2091.000),('2007-06-01',4000442,2,3280.000),('2007-06-01',4000538,1,2864.000),('2007-06-01',4000540,4,1118.000),('2007-07-01',4000400,4,3945.000),('2007-07-01',4000402,1,4978.000),('2007-07-01',4000404,3,2077.000),('2007-07-01',4000406,2,2244.000),('2007-07-01',4000408,4,3197.000),('2007-07-01',4000440,4,2620.000),('2007-07-01',4000442,1,2905.000),('2007-07-01',4000546,4,2781.000),('2007-08-01',4000400,1,4216.000),('2007-08-01',4000402,1,1179.000),('2007-08-01',4000404,2,3003.000),('2007-08-01',4000406,2,4289.000),('2007-08-01',4000408,3,3430.000),('2007-08-01',4000440,2,2129.000),('2007-08-01',4000442,3,1852.000),('2007-08-01',4000546,2,2747.000),('2007-09-01',4000400,1,4696.000),('2007-09-01',4000402,3,2934.000),('2007-09-01',4000404,4,3182.000),('2007-09-01',4000406,3,4374.000),('2007-09-01',4000408,4,2884.000),('2007-09-01',4000440,4,953.000),('2007-09-01',4000442,3,2675.000),('2007-09-01',4000546,3,1674.000),('2007-10-01',4000400,1,4927.000),('2007-10-01',4000402,3,4466.000),('2007-10-01',4000404,2,4011.000),('2007-10-01',4000406,1,2460.000),('2007-10-01',4000408,2,1162.000),('2007-10-01',4000440,3,3413.000),('2007-10-01',4000442,4,3377.000),('2007-10-01',4000546,1,3156.000),('2007-11-01',4000400,2,2672.000),('2007-11-01',4000402,4,4397.000),('2007-11-01',4000404,1,3214.000),('2007-11-01',4000406,1,1064.000),('2007-11-01',4000408,1,2905.000),('2007-11-01',4000440,2,4530.000),('2007-11-01',4000442,2,915.000),('2007-11-01',4000546,1,1171.000),('2007-12-01',4000400,2,2683.000),('2007-12-01',4000402,4,2324.000),('2007-12-01',4000404,1,3066.000),('2007-12-01',4000406,2,3375.000),('2007-12-01',4000408,3,2044.000),('2007-12-01',4000440,2,3545.000),('2007-12-01',4000442,2,4049.000),('2007-12-01',4000546,1,3503.000),('2008-01-01',4000400,1,3158.000),('2008-01-01',4000402,3,2159.000),('2008-01-01',4000404,2,1583.000),('2008-01-01',4000406,3,2165.000),('2008-01-01',4000408,1,2738.000),('2008-01-01',4000440,4,3998.000),('2008-01-01',4000442,4,4850.000),('2008-01-01',4000546,3,3722.000),('2008-02-01',4000400,3,3341.000),('2008-02-01',4000402,4,4351.000),('2008-02-01',4000404,3,2107.000),('2008-02-01',4000406,1,2390.000),('2008-02-01',4000408,1,1319.000),('2008-02-01',4000440,2,3114.000),('2008-02-01',4000442,4,4973.000),('2008-02-01',4000546,3,3992.000),('2008-03-01',4000400,1,1868.000),('2008-03-01',4000402,3,4084.000),('2008-03-01',4000404,2,1871.000),('2008-03-01',4000406,4,1268.000),('2008-03-01',4000408,1,3894.000),('2008-03-01',4000440,3,969.000),('2008-03-01',4000442,4,4219.000),('2008-03-01',4000546,1,3469.000),('2008-04-01',4000400,4,2723.000),('2008-04-01',4000402,1,3962.000),('2008-04-01',4000404,2,2891.000),('2008-04-01',4000406,2,1652.000),('2008-04-01',4000408,3,3790.000),('2008-04-01',4000440,4,1056.000),('2008-04-01',4000442,1,4371.000),('2008-04-01',4000546,4,1735.000),('2008-05-01',4000400,2,3756.000),('2008-05-01',4000402,2,2748.000),('2008-05-01',4000404,4,1811.000),('2008-05-01',4000406,1,2399.000),('2008-05-01',4000408,2,3145.000),('2008-05-01',4000440,3,4263.000),('2008-05-01',4000442,4,3703.000),('2008-05-01',4000546,1,1503.000),('2008-06-01',4000400,4,4918.000),('2008-06-01',4000402,3,2072.000),('2008-06-01',4000404,3,4597.000),('2008-06-01',4000406,3,4018.000),('2008-06-01',4000408,4,3871.000),('2008-06-01',4000440,4,4772.000),('2008-06-01',4000442,2,2244.000),('2008-06-01',4000546,2,1628.000),('2008-07-01',4000400,1,3675.000),('2008-07-01',4000402,4,3453.000),('2008-07-01',4000404,1,1430.000),('2008-07-01',4000406,4,1150.000),('2008-07-01',4000408,2,3753.000),('2008-07-01',4000440,2,3015.000),('2008-07-01',4000442,2,3256.000),('2008-07-01',4000546,2,2486.000),('2008-08-01',4000400,4,2992.000),('2008-08-01',4000402,3,4689.000),('2008-08-01',4000404,4,3539.000),('2008-08-01',4000406,4,4021.000),('2008-08-01',4000408,1,1066.000),('2008-08-01',4000440,3,2714.000),('2008-08-01',4000442,3,4204.000),('2008-08-01',4000546,3,3804.000),('2008-09-01',4000400,2,4252.000),('2008-09-01',4000402,1,4399.000),('2008-09-01',4000404,4,1421.000),('2008-09-01',4000406,1,2638.000),('2008-09-01',4000408,2,4695.000),('2008-09-01',4000440,2,1309.000),('2008-09-01',4000442,4,4762.000),('2008-09-01',4000546,3,3101.000),('2008-10-01',4000400,1,3555.000),('2008-10-01',4000402,2,4902.000),('2008-10-01',4000404,1,4903.000),('2008-10-01',4000406,1,3987.000),('2008-10-01',4000408,3,3802.000),('2008-10-01',4000440,1,4315.000),('2008-10-01',4000442,3,1378.000),('2008-10-01',4000546,3,1361.000),('2008-11-01',4000444,3,1977.000),('2008-11-01',4000546,2,2760.000),('2008-12-01',4000444,3,2702.000),('2008-12-01',4000546,3,1591.000),('2009-01-01',4000444,4,1325.000),('2009-01-01',4000546,1,1604.000),('2009-02-01',4000444,2,1874.000),('2009-02-01',4000546,4,2959.000),('2009-03-01',4000444,1,2232.000),('2009-03-01',4000546,2,3814.000),('2009-04-01',4000444,2,2886.000),('2009-04-01',4000546,1,2331.000),('2009-05-01',4000444,4,1826.000),('2009-05-01',4000546,1,1792.000),('2009-06-01',4000444,1,2678.000),('2009-06-01',4000546,3,2707.000),('2009-07-01',4000444,2,1788.000),('2009-07-01',4000546,1,3385.000),('2009-08-01',4000444,2,2555.000),('2009-08-01',4000546,4,4000.000),('2009-09-01',4000444,1,2510.000),('2009-09-01',4000546,4,1063.000),('2009-10-01',4000444,1,1899.000),('2009-10-01',4000546,1,1596.000),('2009-11-01',4000444,3,2202.000),('2009-11-01',4000546,3,3993.000),('2009-12-01',4000444,3,2632.000),('2009-12-01',4000546,3,1509.000),('2010-01-01',4000444,1,945.000),('2010-01-01',4000546,2,2385.000),('2010-02-01',4000444,4,1381.000),('2010-02-01',4000546,4,2387.000),('2010-03-01',4000444,2,2450.000),('2010-03-01',4000546,3,1707.000),('2010-04-01',4000444,2,1978.000),('2010-04-01',4000546,3,3479.000),('2010-05-01',4000444,2,2093.000),('2010-05-01',4000546,2,1649.000),('2010-06-01',4000444,3,905.000),('2010-06-01',4000546,4,2782.000),('2010-07-01',4000444,3,2767.000),('2010-07-01',4000546,4,3149.000),('2010-08-01',4000444,3,2350.000),('2010-08-01',4000546,4,1731.000),('2010-09-01',4000444,3,1711.000),('2010-09-01',4000546,4,1328.000),('2010-10-01',4000444,3,1046.000),('2010-10-01',4000546,4,3530.000),('2010-11-01',4000444,1,2280.000),('2010-11-01',4000546,4,1150.000),('2010-12-01',4000444,1,2391.000),('2010-12-01',4000546,1,3642.000),('2011-01-01',4000444,3,1561.000),('2011-01-01',4000546,1,3903.000),('2011-02-01',4000444,4,2481.000),('2011-02-01',4000546,1,3956.000),('2011-03-01',4000444,1,1002.000),('2011-03-01',4000546,3,3737.000),('2011-04-01',4000444,1,1453.000),('2011-04-01',4000546,2,1479.000),('2011-05-01',4000444,1,2231.000),('2011-05-01',4000546,1,2334.000),('2011-06-01',4000444,1,1347.000),('2011-06-01',4000546,4,2042.000),('2011-07-01',4000444,4,1771.000),('2011-07-01',4000546,4,1535.000),('2011-08-01',4000444,3,2170.000),('2011-08-01',4000546,1,2057.000),('2011-09-01',4000444,1,1901.000),('2011-09-01',4000546,1,3920.000),('2011-10-01',4000444,1,2965.000),('2011-10-01',4000546,2,3565.000),('2011-11-01',4000444,2,1412.000),('2011-11-01',4000546,3,1860.000),('2011-12-01',4000444,3,2776.000),('2011-12-01',4000546,2,1290.000),('2012-01-01',4000444,2,2581.000),('2012-01-01',4000546,2,1855.000),('2012-02-01',4000444,2,2926.000),('2012-02-01',4000546,2,3991.000),('2012-03-01',4000444,2,2353.000),('2012-03-01',4000546,3,3421.000),('2012-04-01',4000444,3,1716.000),('2012-04-01',4000546,1,3292.000),('2012-05-01',4000444,3,1178.000),('2012-05-01',4000546,3,1329.000),('2012-06-01',4000444,4,2672.000),('2012-06-01',4000546,1,3337.000),('2012-07-01',4000444,2,2882.000),('2012-07-01',4000546,3,3108.000),('2012-08-01',4000444,3,1221.000),('2012-08-01',4000546,2,3480.000),('2012-09-01',4000444,4,1083.000),('2012-09-01',4000546,1,2666.000),('2012-10-01',4000444,4,1560.000),('2012-10-01',4000546,3,3021.000),('2012-11-01',4000444,3,1385.000),('2012-11-01',4000546,2,1061.000),('2012-12-01',4000444,1,1485.000),('2012-12-01',4000546,2,1723.000),('2013-01-01',4000444,1,1326.000),('2013-01-01',4000546,2,1101.000),('2013-02-01',4000444,4,2828.000),('2013-02-01',4000546,3,1503.000),('2013-03-01',4000444,1,1966.000),('2013-03-01',4000546,1,3011.000),('2013-04-01',4000444,3,1790.000),('2013-04-01',4000546,2,1186.000),('2013-05-01',4000444,4,2630.000),('2013-05-01',4000546,4,2265.000),('2013-06-01',4000444,4,1438.000),('2013-06-01',4000546,2,3233.000),('2013-07-01',4000444,4,2994.000),('2013-07-01',4000546,4,1757.000),('2013-08-01',4000444,3,981.000),('2013-08-01',4000546,1,1589.000),('2013-09-01',4000444,3,1051.000),('2013-09-01',4000546,2,1870.000),('2013-10-01',4000444,4,2130.000),('2013-10-01',4000546,2,1182.000),('2013-11-01',4000444,1,1095.000),('2013-11-01',4000546,4,1377.000),('2013-12-01',4000444,2,2196.000),('2013-12-01',4000546,4,3530.000),('2014-01-01',4000444,2,2431.000),('2014-01-01',4000546,1,1633.000),('2014-02-01',4000444,4,1966.000),('2014-02-01',4000546,1,1367.000),('2014-03-01',4000444,2,2178.000),('2014-03-01',4000546,1,2927.000),('2014-04-01',4000444,3,1207.000),('2014-04-01',4000546,3,2427.000),('2014-05-01',4000444,2,1641.000),('2014-05-01',4000546,2,2396.000),('2014-06-01',3000171,1,2227.000),('2014-06-01',4000444,3,1330.000),('2014-06-01',4000546,1,3930.000),('2014-07-01',3000171,4,3997.000),('2014-07-01',4000444,1,2820.000),('2014-07-01',4000546,2,2652.000),('2014-08-01',3000171,1,3198.000),('2014-08-01',4000444,3,2074.000),('2014-08-01',4000546,1,3962.000),('2014-09-01',3000171,1,4334.000),('2014-09-01',4000444,3,1184.000),('2014-09-01',4000546,3,3412.000),('2014-10-01',3000171,4,2895.000),('2014-10-01',4000444,3,2446.000),('2014-10-01',4000546,2,3416.000),('2014-11-01',3000171,2,2033.000),('2014-11-01',4000444,2,2071.000),('2014-11-01',4000546,4,3482.000),('2014-12-01',3000171,4,1584.000),('2014-12-01',4000444,3,1888.000),('2014-12-01',4000546,2,2156.000),('2015-01-01',3000171,4,2884.000),('2015-01-01',4000444,4,2503.000),('2015-01-01',4000546,3,3759.000),('2015-02-01',3000171,4,1370.000),('2015-02-01',4000444,1,2999.000),('2015-02-01',4000546,2,1004.000),('2015-03-01',3000171,2,4739.000),('2015-03-01',4000444,1,1441.000),('2015-03-01',4000546,2,3030.000),('2015-04-01',3000171,4,1140.000),('2015-04-01',4000444,1,2901.000),('2015-04-01',4000546,4,3970.000),('2015-05-01',3000171,2,2399.000),('2015-05-01',4000444,4,1579.000),('2015-05-01',4000546,4,2642.000),('2015-06-01',3000171,1,3531.000),('2015-06-01',4000444,4,920.000),('2015-06-01',4000546,4,1752.000),('2015-07-01',3000171,1,2555.000),('2015-07-01',4000444,4,1984.000),('2015-07-01',4000546,4,972.000),('2015-08-01',3000171,4,3488.000),('2015-08-01',4000444,1,2992.000),('2015-08-01',4000546,2,1691.000),('2015-09-01',3000171,3,1003.000),('2015-09-01',4000444,3,1953.000),('2015-09-01',4000546,4,1971.000),('2015-10-01',3000171,3,2190.000),('2015-10-01',4000444,3,2745.000),('2015-10-01',4000546,2,1265.000),('2015-11-01',3000171,2,2097.000),('2015-11-01',4000444,4,1828.000),('2015-11-01',4000546,2,3221.000),('2015-12-01',3000171,1,1600.000),('2015-12-01',4000444,1,1286.000),('2015-12-01',4000546,3,2449.000),('2016-01-01',3000171,3,4507.000),('2016-01-01',4000444,2,1289.000),('2016-01-01',4000546,2,3379.000),('2016-02-01',3000171,2,1520.000),('2016-02-01',4000444,2,2477.000),('2016-02-01',4000546,4,3951.000),('2016-03-01',3000171,4,1008.000),('2016-03-01',4000444,2,2816.000),('2016-03-01',4000546,3,3834.000),('2016-04-01',3000171,3,1418.000),('2016-04-01',4000444,3,1938.000),('2016-04-01',4000546,3,1322.000),('2016-05-01',3000171,4,4610.000),('2016-05-01',4000444,4,1680.000),('2016-05-01',4000546,1,1666.000),('2016-06-01',3000171,2,2500.000),('2016-06-01',4000444,3,2942.000),('2016-06-01',4000546,4,3998.000),('2016-07-01',3000171,4,1943.000),('2016-07-01',4000444,4,2021.000),('2016-07-01',4000546,2,3310.000),('2016-08-01',3000171,2,4153.000),('2016-08-01',4000444,3,2438.000),('2016-08-01',4000546,3,2757.000),('2016-09-01',3000171,3,1535.000),('2016-09-01',4000444,1,1681.000),('2016-09-01',4000546,1,3384.000),('2016-10-01',3000171,3,1097.000),('2016-10-01',4000444,1,1045.000),('2016-10-01',4000546,2,980.000),('2016-11-01',3000171,2,2683.000),('2016-11-01',4000444,2,2893.000),('2016-11-01',4000546,3,1017.000),('2016-12-01',3000171,3,2009.000),('2016-12-01',4000444,1,1619.000),('2016-12-01',4000546,4,1820.000),('2017-01-01',3000171,3,4699.000),('2017-01-01',4000444,2,2461.000),('2017-01-01',4000546,3,3444.000),('2017-02-01',3000171,2,4689.000),('2017-02-01',4000444,3,2482.000),('2017-02-01',4000546,2,3200.000),('2017-03-01',3000171,1,4826.000),('2017-03-01',4000444,2,2172.000),('2017-03-01',4000546,3,3507.000),('2017-04-01',3000171,3,3293.000),('2017-04-01',4000444,3,1025.000),('2017-04-01',4000546,3,3682.000),('2017-05-01',3000171,2,2482.000),('2017-05-01',4000444,2,2541.000),('2017-05-01',4000546,3,2026.000),('2017-05-01',4000556,1,1670.000),('2017-06-01',3000171,3,2729.000),('2017-06-01',4000444,2,1789.000),('2017-06-01',4000546,4,2784.000),('2017-06-01',4000556,3,1192.000),('2017-07-01',3000171,1,3747.000),('2017-07-01',4000444,1,2859.000),('2017-07-01',4000546,4,2229.000),('2017-07-01',4000556,3,1459.000),('2017-08-01',3000171,1,2224.000),('2017-08-01',4000444,4,2272.000),('2017-08-01',4000546,1,3901.000),('2017-08-01',4000556,2,3014.000),('2017-09-01',3000171,3,1760.000),('2017-09-01',4000444,3,1877.000),('2017-09-01',4000546,4,3202.000),('2017-09-01',4000556,4,1905.000),('2017-10-01',3000171,3,4925.000),('2017-10-01',4000444,2,2218.000),('2017-10-01',4000546,1,1490.000),('2017-10-01',4000556,4,1024.000),('2017-11-01',3000171,2,3054.000),('2017-11-01',4000444,4,2870.000),('2017-11-01',4000546,2,3780.000),('2017-11-01',4000556,3,1939.000),('2017-12-01',3000171,4,2693.000),('2017-12-01',4000444,3,2993.000),('2017-12-01',4000546,1,2714.000),('2017-12-01',4000556,2,2284.000),('2018-01-01',3000171,4,2179.000),('2018-01-01',4000444,3,2205.000),('2018-01-01',4000546,1,3320.000),('2018-01-01',4000556,4,2177.000),('2018-02-01',3000171,3,2597.000),('2018-02-01',4000444,2,2179.000),('2018-02-01',4000546,3,1384.000),('2018-02-01',4000556,4,1097.000),('2018-03-01',3000171,2,2324.000),('2018-03-01',4000444,2,1867.000),('2018-03-01',4000546,3,3702.000),('2018-03-01',4000556,2,3027.000),('2018-04-01',3000171,4,4797.000),('2018-04-01',4000444,4,2068.000),('2018-04-01',4000546,3,3550.000),('2018-04-01',4000556,1,1205.000),('2018-05-01',3000171,4,3708.000),('2018-05-01',4000444,2,1761.000),('2018-05-01',4000546,3,3632.000),('2018-05-01',4000556,1,2110.000),('2018-06-01',3000171,2,4026.000),('2018-06-01',4000444,3,1855.000),('2018-06-01',4000546,1,1896.000),('2018-06-01',4000556,4,1370.000),('2018-07-01',3000171,1,4391.000),('2018-07-01',4000444,3,2844.000),('2018-07-01',4000546,2,2524.000),('2018-07-01',4000556,2,2669.000),('2018-08-01',3000171,1,1157.000),('2018-08-01',4000444,2,1078.000),('2018-08-01',4000546,3,1009.000),('2018-08-01',4000556,2,1713.000),('2018-09-01',3000171,4,1436.000),('2018-09-01',4000444,4,1899.000),('2018-09-01',4000546,1,944.000),('2018-09-01',4000556,1,3061.000),('2018-10-01',3000171,2,2400.000),('2018-10-01',4000444,1,920.000),('2018-10-01',4000546,1,3263.000),('2018-10-01',4000556,1,1926.000);
/*!40000 ALTER TABLE `historico` ENABLE KEYS */;
UNLOCK TABLES;

--
-- Table structure for table `produto`
--

DROP TABLE IF EXISTS `produto`;
/*!40101 SET @saved_cs_client     = @@character_set_client */;
/*!40101 SET character_set_client = utf8 */;
CREATE TABLE `produto` (
  `COD_FAMILIA_COMERCIAL` int(11) NOT NULL,
  `NOME_PRODUTO` varchar(255) NOT NULL,
  `SKU` int(11) NOT NULL,
  PRIMARY KEY (`SKU`),
  KEY `FK_PRODUTO_FAMILIA_COMERCIAL` (`COD_FAMILIA_COMERCIAL`),
  CONSTRAINT `FK_PRODUTO_FAMILIA_COMERCIAL` FOREIGN KEY (`COD_FAMILIA_COMERCIAL`) REFERENCES `familia_comercial` (`COD_FAMILIA_COMERCIAL`)
) ENGINE=InnoDB DEFAULT CHARSET=utf8;
/*!40101 SET character_set_client = @saved_cs_client */;

--
-- Dumping data for table `produto`
--

LOCK TABLES `produto` WRITE;
/*!40000 ALTER TABLE `produto` DISABLE KEYS */;
INSERT INTO `produto` VALUES (14414013,'Placa de rede',3000171),(14414013,'Camera X1',4000400),(14414013,'Camera X3',4000402),(14414013,'Camera X5',4000404),(14414013,'Camera X6',4000406),(14414013,'Camera X7',4000408),(14414013,'Camera X8',4000440),(14414013,'Camera X9',4000442),(14414013,'Camera X10',4000444),(14414013,'Roteador Y1',4000538),(14414013,'Roteador Y2',4000540),(14414013,'Roteador Y3',4000546),(14414013,'Navegador Web',4000556);
/*!40000 ALTER TABLE `produto` ENABLE KEYS */;
UNLOCK TABLES;

--
-- Table structure for table `sku_phase`
--

DROP TABLE IF EXISTS `sku_phase`;
/*!40101 SET @saved_cs_client     = @@character_set_client */;
/*!40101 SET character_set_client = utf8 */;
CREATE TABLE `sku_phase` (
  `SKU_PHASE_IN` int(11) NOT NULL,
  `SKU_PHASE_OUT` int(11) NOT NULL,
  PRIMARY KEY (`SKU_PHASE_IN`,`SKU_PHASE_OUT`),
  KEY `FK_SKU_PHASE_OUT` (`SKU_PHASE_OUT`),
  CONSTRAINT `FK_SKU_PHASE_IN` FOREIGN KEY (`SKU_PHASE_IN`) REFERENCES `produto` (`SKU`),
  CONSTRAINT `FK_SKU_PHASE_OUT` FOREIGN KEY (`SKU_PHASE_OUT`) REFERENCES `produto` (`SKU`)
) ENGINE=InnoDB DEFAULT CHARSET=utf8;
/*!40101 SET character_set_client = @saved_cs_client */;

--
-- Dumping data for table `sku_phase`
--

LOCK TABLES `sku_phase` WRITE;
/*!40000 ALTER TABLE `sku_phase` DISABLE KEYS */;
INSERT INTO `sku_phase` VALUES (4000444,4000400),(4000444,4000402),(4000444,4000404),(4000444,4000406),(4000444,4000408),(4000444,4000440),(4000444,4000442),(4000546,4000538),(4000546,4000540);
/*!40000 ALTER TABLE `sku_phase` ENABLE KEYS */;
UNLOCK TABLES;
/*!40103 SET TIME_ZONE=@OLD_TIME_ZONE */;

/*!40101 SET SQL_MODE=@OLD_SQL_MODE */;
/*!40014 SET FOREIGN_KEY_CHECKS=@OLD_FOREIGN_KEY_CHECKS */;
/*!40014 SET UNIQUE_CHECKS=@OLD_UNIQUE_CHECKS */;
/*!40101 SET CHARACTER_SET_CLIENT=@OLD_CHARACTER_SET_CLIENT */;
/*!40101 SET CHARACTER_SET_RESULTS=@OLD_CHARACTER_SET_RESULTS */;
/*!40101 SET COLLATION_CONNECTION=@OLD_COLLATION_CONNECTION */;
/*!40111 SET SQL_NOTES=@OLD_SQL_NOTES */;

-- Dump completed on 2018-11-07 20:32:40
